pres,cond,temp
0,36.5275983582115,8.62133607519157
2,36.5275983582115,8.62133607519157
4,36.5284319691527,8.6213157723064
6,36.5266698848548,8.61840384816207
8,36.5264381141499,8.61701434962607
10,36.5280962325294,8.61817677801724
12,36.5274221046327,8.61635693884409
14,36.5237652514566,8.61233772569445
16,36.5157173806734,8.60108115651709
18,36.5168321196604,8.60114717653509
20,36.514743111402,8.59819670542636
22,36.5018362351656,8.58292464313272
24,36.4910324292862,8.56979635416667
26,36.484361524673,8.56176365740741
28,36.4697685946627,8.54410099206349
30,36.4602547824106,8.53229145171958
32,36.4601888323327,8.53244696180556
34,36.3678444949462,8.42947327196383
36,36.4116371867063,8.47670523726852
38,36.2790143502158,8.32761512731481
40,36.0446403832708,8.06466155753968
42,36.0085398356436,8.0220953016493
44,35.9988218816507,8.0114133790436
46,35.9947831476732,8.00699556423611
48,35.9569791627294,7.96392971643519
50,35.9131202737997,7.91210588450292
52,35.8978377614058,7.89535446127946
54,35.8781960654725,7.87213327064043
56,35.8592464231026,7.85354904100529
58,35.7495372461231,7.72954201388889
60,35.6767165370706,7.64096884212018
62,35.6478094301298,7.61110225354031
64,35.3913376092341,7.31456605004789
66,35.1189557770554,7.00742508333333
68,34.8076163872623,6.641215625
70,34.6530575446188,6.46748924972767
72,34.5522889127642,6.36188897222222
74,34.320381176567,6.08463422222222
76,34.2377298406914,5.99072141472868
78,34.1134158467693,5.85127492108586
80,34.0360482374882,5.74994259510869
82,34.139132948022,5.88063333333333
84,33.979672193408,5.68545855943152
86,33.9610105180385,5.66285110887097
88,33.8564913077319,5.53126313405797
90,33.8348020072467,5.50667302414021
92,33.7465081588906,5.40854541062802
94,33.7190602738852,5.37759107565012
96,33.7226304128017,5.38451903521825
98,33.6562215874352,5.30725963383838
100,33.6543771724727,5.30660901199495
102,33.5950594934336,5.24045200617284
104,33.5509857075298,5.18634741263441
106,33.5613050976699,5.19763433908046
108,33.5509188973253,5.18790836489899
110,33.5124409032971,5.14184802676152
112,33.5109259651943,5.14157110339506
114,33.4242397609804,5.0424743287037
116,33.3893536399626,5.0013180941358
118,33.3852258300613,4.99545110987103
120,33.3756250305772,4.9831158234127
122,33.3660119154789,4.97027090643275
124,33.3423983763519,4.94281736111111
126,33.3087861729679,4.9038166087963
128,33.3058572021555,4.89949100241546
130,33.2814693836842,4.87142702907986
132,33.3078477234444,4.88937176932367
134,33.3374479240105,4.91782805555555
136,33.342921184287,4.92138370949074
138,33.3378361538279,4.91349067783816
140,33.326016409696,4.90114545138889
142,33.2970615095706,4.86011133680556
144,33.297455273146,4.8570468349359
146,33.2913606129282,4.84856337560386
148,33.2900415620749,4.84346583157525
150,33.2846203921497,4.83275281862745
152,33.2839193020702,4.83023585069444
154,33.2605374733962,4.80353222017974
156,33.2568446195763,4.79878468448068
158,33.2395685494396,4.77553837528935
160,33.2387599607325,4.77348246527778
162,33.2259091375069,4.75951884765625
164,33.194222319601,4.72537357142857
166,33.1918185028017,4.72249573363586
168,33.1446644387835,4.67385636935764
170,33.0730150329194,4.59946687242798
172,33.045335511803,4.56881620008681
174,33.0297221482859,4.55238862942613
176,33.0138459531036,4.53522171792328
178,32.9813016824642,4.49931055107527
180,32.9703459274939,4.4869265758547
182,32.9622930724731,4.47759582609954
184,32.9605658040478,4.47529920933735
186,32.9572209098847,4.47042642249104
188,32.9500345705178,4.46081947337963
190,32.9443665358751,4.45145257936508
192,32.9330795199455,4.43918621031746
194,32.9081913393908,4.41200578440657
196,32.8859238889197,4.38564926388889
198,32.8794045429877,4.37753577724359
200,32.8813022874147,4.3792438530816
202,32.8868723459691,4.38202855324074
204,32.8932688015028,4.38692099631519
206,32.8954434960086,4.38820011574074
208,32.8967957006925,4.38826597222222
210,32.9022546617607,4.39203720383987
212,32.9037158361733,4.39268391685957
214,32.8893973653823,4.37617044130824
216,32.8524456812149,4.33525002104377
218,32.8387363131014,4.31914935763889
220,32.8256676196684,4.30423319830247
222,32.8121777548748,4.28936926062091
224,32.7952507137966,4.26946071217494
226,32.795201736501,4.26834525089606
228,32.7950231765448,4.2671960375817
230,32.7961117714767,4.26746825892857
232,32.7948040682211,4.26507816468254
234,32.786056750205,4.25488134837963
236,32.7763707505051,4.24412674121732
238,32.7729176718472,4.23972295673077
240,32.7558934505916,4.22089065806878
242,32.7466249619564,4.2095190162037
244,32.7526300509388,4.21587026041667
246,32.7336145668547,4.19343929924242
248,32.7280884574107,4.18552130208333
250,32.7204714079358,4.17629174558081
252,32.716822081648,4.17040818339646
254,32.7223908897102,4.17467894097222
256,32.7288918100733,4.17507954408213
258,32.7312257541772,4.17692157179186
260,32.7262281281058,4.17089993351064
262,32.7136697222601,4.15670287247475
264,32.685729029793,4.12697142984331
266,32.6608579535248,4.10071175925926
268,32.6524613615115,4.09028079989712
270,32.6623691050981,4.09870482638889
272,32.6672668346221,4.10248020224171
274,32.6689441445384,4.10319857417258
276,32.6684155215664,4.10085893586601
278,32.66711327331,4.09790649594907
280,32.6665289191999,4.09581613247863
282,32.6672501621456,4.09414689114987
284,32.6678976849823,4.09417243867244
286,32.6635332394483,4.08702501286008
288,32.6640464066374,4.08617383897569
290,32.6649132961834,4.08620326244213
292,32.665928566508,4.08626278153153
294,32.6663807041907,4.08471790420228
296,32.6666071693402,4.08386991421569
298,32.6664521431592,4.08202438568376
300,32.6648895079676,4.07899276871981
302,32.6601984468508,4.07333421585648
304,32.6508464191184,4.06272607570806
306,32.643211453022,4.05379193548387
308,32.6302746307816,4.03755142195767
310,32.6291334014139,4.03527135416667
312,32.6237696853131,4.02828377700617
314,32.6076842884664,4.01011011904762
316,32.6211863361669,4.02377202380952
318,32.6082158009639,4.00997359283626
320,32.5877511789345,3.98644809854497
322,32.580186321012,3.97722299768518
324,32.5818683510998,3.97841969907407
326,32.5782585441993,3.97465689709596
328,32.5641608298413,3.95769183006536
330,32.5550804703574,3.94753385416667
332,32.5436039497996,3.93421469184028
334,32.5361774376334,3.92483586309524
336,32.5370400987111,3.92535801767677
338,32.5423994635737,3.93069146825397
340,32.5306982988433,3.91734353298611
342,32.5201866301964,3.90459750816993
344,32.516024329911,3.8987918494152
346,32.5195871781793,3.90234337705761
348,32.5175515899652,3.89947847222222
350,32.5069908543431,3.88717291666667
352,32.4951041874503,3.87295677997076
354,32.4942769965489,3.87127468434343
356,32.497367714884,3.87385002893519
358,32.4926212974028,3.86786979166667
360,32.4913232769361,3.86534912280702
362,32.4898618206571,3.86291973128019
364,32.4854549880181,3.85744797319121
366,32.483110545141,3.85435631313131
368,32.4728585402411,3.84161311177249
370,32.4728221931952,3.84063488756614
372,32.4706076982317,3.83740025
374,32.4648260040227,3.83046060135934
376,32.4683346282486,3.83396657407407
378,32.4558538417409,3.81883472222222
380,32.4524545388477,3.81374689542484
382,32.4476576813142,3.80758312908497
384,32.4457796475421,3.80465651785714
386,32.4498608740781,3.80823546875
388,32.4453646518248,3.80194134963768
390,32.4457489665259,3.80113639846743
392,32.4471955788757,3.80150953752955
394,32.4482828505002,3.80203765953453
396,32.450125797154,3.80228706140351
398,32.4489380274852,3.79993499228395
400,32.4393290362055,3.78840876388889
402,32.4452177470505,3.79433234739369
404,32.4400659724245,3.78738165064103
406,32.4360559150542,3.78186702586207
408,32.4348608902889,3.77960707799145
410,32.4342830574392,3.77815008267196
412,32.4335696475054,3.77661734664352
414,32.4324648200157,3.77399322916667
416,32.4288574933778,3.76886019444444
418,32.4268076604124,3.76570021172087
420,32.4254055545441,3.76321964285714
422,32.4249156873873,3.76177118055556
424,32.4256881377471,3.76199112723214
426,32.4256239868498,3.76064979482323
428,32.4254674325355,3.75944670138889
430,32.4240973946838,3.75672709722222
432,32.4234033204885,3.75526180555556
434,32.4238976888654,3.75513953924162
436,32.4224686953262,3.75237559799383
438,32.4214433558943,3.75026559244792
440,32.4216755648277,3.74955427900327
442,32.421188681769,3.74820224609375
444,32.4195824088277,3.74572128684807
446,32.4144929976947,3.73887550747863
448,32.4142493792109,3.73761154513889
450,32.4128441809735,3.73503766121032
452,32.408997518631,3.73005064790951
454,32.4070657677501,3.72718991319444
456,32.4040504807979,3.72259600095785
458,32.4050191196115,3.72275438657407
460,32.4037467949829,3.72055459104938
462,32.3996342213425,3.71477681206597
464,32.4009202277838,3.71557935298103
466,32.3998842637905,3.71302102623457
468,32.4001316511236,3.71211817810458
470,32.3995167994218,3.71070913628472
472,32.3984888396658,3.70858579695767
474,32.3998454988967,3.70947467592593
476,32.4014902008389,3.71011467013889
478,32.4032823870355,3.70958342978395
480,32.4050986412684,3.71032301954733
482,32.4042551383581,3.70987868055556
484,32.4030986686232,3.70664696848291
486,32.4026030494194,3.70470675505051
488,32.4028950049982,3.70440316840278
490,32.4001987742111,3.70226174863388
492,32.3991091598062,3.69862513888889
494,32.3951008387169,3.69303471567086
496,32.398376815478,3.69499615740741
498,32.4006467254702,3.69625203853047
500,32.4032885123372,3.69819123148148
502,32.4052133920774,3.69891870307808
504,32.4083829734204,3.70122002604167
506,32.4081861852676,3.70025238997114
508,32.4088907740643,3.70000403496169
510,32.4058267820203,3.6956168595679
512,32.4044241695074,3.69333799511317
514,32.4022373877961,3.69046051526063
516,32.3970835050114,3.68407992238562
518,32.3982400513413,3.68423006944444
520,32.3973236324329,3.6823912957702
522,32.3950900182568,3.67933546296296
524,32.3925825566068,3.67598652510684
526,32.3873692833332,3.66947098524306
528,32.387142296306,3.66835324074074
530,32.3875667532593,3.6678686465721
532,32.3863716467147,3.66582365620491
534,32.384527978134,3.66293110754986
536,32.3814379783412,3.65865801674837
538,32.3780353828537,3.65434163510101
540,32.3755828442151,3.65097232142857
542,32.3782601034684,3.6528275318287
544,32.3727337507097,3.64629107273392
546,32.371077747288,3.64342711226852
548,32.3718575276164,3.64318008333333
550,32.3732833142978,3.64369168281654
552,32.3754026720263,3.64526978125
554,32.3747025446727,3.64338213485663
556,32.3718349139806,3.63936392361111
558,32.3697025412218,3.63621276909722
560,32.3701647030916,3.63590640740741
562,32.37009836727,3.63498813657407
564,32.3697621868352,3.63365429205247
566,32.3699685220859,3.63296328607253
568,32.3701234499415,3.63236678240741
570,32.3702069949024,3.63138302777778
572,32.3690492115369,3.62926720545977
574,32.3706996107561,3.63015373906893
576,32.370596645035,3.62917486979167
578,32.3702152030929,3.62781354166667
580,32.3672887657346,3.62354611441799
582,32.368032972106,3.62330922403382
584,32.3694230095799,3.62404814369658
586,32.37097006734,3.62486325
588,32.3685779824393,3.62127919823232
590,32.3674002771342,3.61886336050725
592,32.3674553035556,3.61811813368056
594,32.3684727462696,3.61850195249597
596,32.3659391804977,3.61484094460227
598,32.3660956928798,3.61409947420635
600,32.3630289989203,3.60982421085859
602,32.3599168344164,3.60565719246032
604,32.355804582085,3.60032625248016
606,32.3601871753145,3.60427223214286
608,32.3641987413447,3.60685515873016
610,32.3695147139921,3.6112872624269
612,32.3719695514826,3.61271137387387
614,32.3736494452511,3.6133130787037
616,32.374523460757,3.61355046130952
618,32.3755261599791,3.61343511574074
620,32.3759675900306,3.61290163089226
622,32.373716678579,3.60975179057734
624,32.3694119862801,3.60435071138211
626,32.3703271298929,3.60427561085391
628,32.3709727227033,3.60424807975589
630,32.3704590925464,3.6025271484375
632,32.3706630086533,3.60183731060606
634,32.3715554119495,3.60177022015366
636,32.3720986689781,3.60150198739035
638,32.3717116630525,3.60028961737473
640,32.369854084922,3.59727900545635
642,32.3695498809194,3.59591772073413
644,32.3700411286286,3.59557224537037
646,32.3709249001123,3.59598391776678
648,32.3695779739024,3.59343044945988
650,32.3685067328545,3.59115536747685
652,32.3682657287374,3.59012844065657
654,32.3673477840206,3.58824596688034
656,32.3686150372232,3.58896723090278
658,32.3685529650222,3.587728515625
660,32.368340428177,3.58667506430041
662,32.368821666101,3.58628506944444
664,32.3699042108783,3.58652250631313
666,32.370472021721,3.58631207329317
668,32.3707285727216,3.58537720306513
670,32.3699882382744,3.58358851388889
672,32.3705049706903,3.58311083622685
674,32.3711942910764,3.5829340625
676,32.3727884040203,3.58381174305556
678,32.3746992032778,3.58447614583333
680,32.3768166628421,3.58554023919753
682,32.3762046779548,3.58410432449495
684,32.3776990769758,3.58473918650794
686,32.378498852648,3.5848156558642
688,32.3794966170352,3.58462268518519
690,32.3808886733596,3.58494176136364
692,32.3812900084005,3.58443283730159
694,32.3820376709026,3.58434306547619
696,32.3832892192371,3.58462230902778
698,32.3856042669595,3.58595897160948
700,32.3854337088996,3.58475303442029
702,32.3857544627489,3.58371721491228
704,32.3880649963202,3.58504396219136
706,32.3872018603459,3.583243875
708,32.3876698094975,3.58319503279321
710,32.3847077949036,3.57890766283525
712,32.3795812462205,3.57250324404762
714,32.3791388125984,3.57111641865079
716,32.3795523466818,3.57072119598765
718,32.3798968538307,3.57066541666667
720,32.3801469225838,3.56958515946502
722,32.3792088298884,3.56763356481481
724,32.3792932702361,3.566857343107
726,32.3792482050513,3.56596370804398
728,32.380976728919,3.56727537615741
730,32.3809566991783,3.56592079475309
732,32.381011472663,3.56505373611111
734,32.3811151305429,3.56425216346154
736,32.3816658164815,3.56395774176955
738,32.3823286607095,3.56367059811828
740,32.3820966981933,3.56225632548309
742,32.3831204201775,3.56234702596618
744,32.3850276666752,3.56347379557292
746,32.3860107644485,3.56357196403134
748,32.3887012020249,3.56492608173077
750,32.3911094397898,3.56627206944444
752,32.3934636461867,3.56777244689543
754,32.39454810053,3.56795080337691
756,32.3940120568429,3.56645887586806
758,32.3925696624178,3.56388825
760,32.3962192390102,3.56652593315972
762,32.3970004805798,3.56682852044753
764,32.392933375713,3.56133551587302
766,32.3906513178865,3.55800738224638
768,32.3901499224324,3.55646391369048
770,32.3912143077416,3.55696563208617
772,32.3902512130309,3.55495370833333
774,32.3898632742345,3.55314360795455
776,32.3945054016914,3.55700505736715
778,32.3959154014341,3.557651953125
780,32.3987306977079,3.55985169836957
782,32.4057481409853,3.56571083877996
784,32.4105280946872,3.56929693700397
786,32.4100226377412,3.56771067708333
788,32.4109307229308,3.56741726851852
790,32.4135437413817,3.56933360042735
792,32.4172799484712,3.57179228603604
794,32.4191156228726,3.57258683712121
796,32.4185849072827,3.57110424107143
798,32.4171308980588,3.56871400462963
800,32.4154694481992,3.56593568881381
802,32.415730763678,3.56558796073718
804,32.4162370162348,3.56487483333333
806,32.4174164151625,3.56500094246032
808,32.420242239722,3.56703660037879
810,32.4201752695556,3.56606491274929
812,32.4211960004354,3.56648157552083
814,32.4222479506822,3.5663882260101
816,32.421823416785,3.56511527777778
818,32.4198088422721,3.56213513621795
820,32.4190424858141,3.56057272970085
822,32.4206348209512,3.56148480235043
824,32.4182285400073,3.55785039202509
826,32.4185827465057,3.55714978632479
828,32.4188588055115,3.55652992424242
830,32.4163776552634,3.55316986400463
832,32.4141611331686,3.55021413690476
834,32.4152007661904,3.55044638888889
836,32.4094978032535,3.54314225260417
838,32.4096928431486,3.54214078839869
840,32.4107004790023,3.54234861111111
842,32.4113017945046,3.54242470238095
844,32.4141021052118,3.54435127314815
846,32.4164017637058,3.54547400462963
848,32.4185706780878,3.54645628858025
850,32.4223149487835,3.54938276909722
852,32.4244535968143,3.55098669945988
854,32.4232668753778,3.54878459429825
856,32.422437831475,3.54680680941358
858,32.4227775802832,3.54596726973684
860,32.4244269781316,3.5465521412037
862,32.4264023275278,3.54779400584795
864,32.4275250650797,3.54795186631944
866,32.4286481473879,3.54769462826797
868,32.4290811120616,3.54721291232639
870,32.4293067050766,3.54659723875661
872,32.4301339277547,3.546818628003
874,32.4320093295863,3.547911875
876,32.4297462819054,3.54458152006173
878,32.4269736786068,3.54047284722222
880,32.4263074304153,3.5389640542328
882,32.4260677374254,3.53798993055556
884,32.4286225663043,3.5395615234375
886,32.4282171398978,3.53819305555556
888,32.4278222794717,3.53670082175926
890,32.4285954793732,3.53696572649573
892,32.429028452576,3.53616541529153
894,32.4354995871813,3.54140578165375
896,32.4488603870332,3.5535220610119
898,32.4573379229816,3.56100872584541
900,32.4593765294728,3.56214493371212
902,32.4610480843845,3.56280859126984
904,32.4606616300639,3.56169350358423
906,32.4636900680481,3.56336920289855
908,32.4649126968121,3.56386118686869
910,32.4648167029589,3.56280339781746
912,32.4627890103931,3.55981904166667
914,32.4602556855798,3.556549609375
916,32.4519510516256,3.547491772343
918,32.4398090077208,3.53427069170322
920,32.447093295756,3.54036624579125
922,32.4495148448553,3.54204172008547
924,32.4526610378886,3.54403910751029
926,32.4519735540076,3.54236865079365
928,32.4531916754157,3.54275203544061
930,32.453991429887,3.54209911616162
932,32.4546955323352,3.54187356150794
934,32.4546336317131,3.54093619123932
936,32.4548376184223,3.54056629273504
938,32.4530489157513,3.53731256038647
940,32.4530681620073,3.53625993265993
942,32.4538737579468,3.53663319256757
944,32.4539746856072,3.53535038314176
946,32.4537766917258,3.53429411582341
948,32.4544560846866,3.53430258487654
950,32.4558477741717,3.53452990319865
952,32.4583340777111,3.53617172619048
954,32.4595205725442,3.53631835585586
956,32.4599887898339,3.53583254960317
958,32.4601955591383,3.53505655864198
960,32.4605983607512,3.53453561599794
962,32.4610380506571,3.53421437397876
964,32.4621082460673,3.5343322997416
966,32.4632973431949,3.5344280651341
968,32.4652410821115,3.53535341621864
970,32.4711853165135,3.54041292032164
972,32.4764061513699,3.54443829767267
974,32.4766705329357,3.54374815155229
976,32.4763065572638,3.54245670882937
978,32.4761630833903,3.54120818936314
980,32.4768645434652,3.54141625295508
982,32.4759885946274,3.53877387452107
984,32.474856509083,3.53665001286008
986,32.4746312477031,3.535603003003
988,32.472591457448,3.53264834104938
990,32.4709361702116,3.53007381535948
992,32.4707593559788,3.52887740483539
994,32.4725521095097,3.52976334325397
996,32.4738882896269,3.53045753113027
998,32.4713910256746,3.52673188961988
1000,32.470895176708,3.52528081183862
1002,32.4714982164394,3.52490888310185
1004,32.4714876989817,3.52390025252525
1006,32.4708819317968,3.52249647975768
1008,32.4659559560121,3.51626869517544
1010,32.4628610889993,3.51194832957958
1012,32.4601821094117,3.5084226746633
1014,32.4559174167597,3.50297158378136
1016,32.4556558600425,3.50197896825397
1018,32.4556216520379,3.50123963541667
1020,32.4566933278754,3.50086461640212
1022,32.4574029065304,3.50068741319444
1024,32.4590132902567,3.50187278439153
1026,32.4581896089692,3.49989279003268
1028,32.45772660566,3.49846913690476
1030,32.4579040955137,3.49763693831699
1032,32.456662899544,3.49562471064815
1034,32.4528645505263,3.4907670564059
1036,32.453778090416,3.49053560606061
1038,32.4558411139965,3.49164372519841
1040,32.4541519668529,3.48885660842294
1042,32.4532570484513,3.48729856678487
1044,32.4519608639262,3.4849684178744
1046,32.4503540484383,3.48221442550505
1048,32.4508515744272,3.48160157271242
1050,32.4517929107784,3.48153177083333
1052,32.4471612495354,3.47595289961014
1054,32.4465273073413,3.47442289126016
1056,32.4468189826071,3.4739264131137
1058,32.4453191030353,3.47126488715278
1060,32.4440090230812,3.46880752314815
1062,32.443777550805,3.4677035218254
1064,32.4451661146596,3.46864955115176
1066,32.4462569332759,3.46833911458333
1068,32.4490823484516,3.4699169665404
1070,32.4507879419022,3.47066811342593
1072,32.4519238620005,3.47118964930556
1074,32.4522747782183,3.47090313552189
1076,32.4528733856463,3.46992248263889
1078,32.4521880663607,3.46816194058642
1080,32.4525260712929,3.46755138888889
1082,32.4529846743223,3.46711881613757
1084,32.4533761164064,3.46687085503472
1086,32.4549501297398,3.46730483796296
1088,32.4541246459861,3.46531666666667
1090,32.4545437406082,3.46477033730159
1092,32.4553351332485,3.46505519218346
1094,32.4573913670069,3.46648084795322
1096,32.4556723160604,3.46362148919753
1098,32.4540349155439,3.46079774305556
1100,32.4540390965899,3.45993451086957
1102,32.4540010406238,3.45913702980324
1104,32.4578139331622,3.46242294238683
1106,32.4517718797843,3.45476958912037
1108,32.450686368296,3.4527553030303
1110,32.4496590936433,3.45082976388889
1112,32.4508599164709,3.45142897188347
1114,32.4505184178786,3.44998543113426
1116,32.449650283551,3.4480816872428
1118,32.4485610399098,3.44593606376263
1120,32.4499705663619,3.44688248374705
1122,32.4492867919197,3.44497542534722
1124,32.4495459628094,3.44458276681287
1126,32.4504409422733,3.44436966306584
1128,32.4510444607224,3.44415808256173
1130,32.4523147283569,3.44482966403904
1132,32.4525837866773,3.44387933333333
1134,32.4524045843608,3.44280698450855
1136,32.4523363958762,3.44193730066872
1138,32.4534570260622,3.44244061447811
1140,32.4523366606256,3.44005100694444
1142,32.4516045108916,3.43840994047619
1144,32.4507695242427,3.43657664930556
1146,32.4506866606753,3.43567353632479
1148,32.4502476697076,3.43425186011905
1150,32.4498131981149,3.43283782894737
1152,32.4480389759557,3.4302224606136
1154,32.447618132662,3.42870334084084
1156,32.4478608871045,3.42804403326023
1158,32.4463682163957,3.42557670138889
1160,32.4461880030338,3.42447357060185
1162,32.4463796029102,3.42393724489796
1164,32.44661242509,3.42304175925926
1166,32.4466850943116,3.42229446969697
1168,32.4464625798757,3.42125717089372
1170,32.4469519631906,3.42079772727273
1172,32.4455267239149,3.41878072222222
1174,32.4443833705448,3.41639989224138
1176,32.4434082525529,3.41467829861111
1178,32.4386874095959,3.40902299836601
1180,32.4384975200291,3.40829404761905
1182,32.4335360423118,3.40204295428241
1184,32.4297410918108,3.39755401976496
1186,32.4265065024604,3.39340666035354
1188,32.4301895826867,3.39672498522459
1190,32.4242824056006,3.38941807002315
1192,32.4248462316085,3.38918723958333
1194,32.4252097515428,3.38871087436869
1196,32.4260408223592,3.38885483217593
1198,32.427953890357,3.3901083912037
1200,32.4277957421407,3.38847635582011
1202,32.4314717720441,3.39113214546784
1204,32.43694485607,3.39565925925926
1206,32.4371086094402,3.39513356481482
1208,32.4351310742278,3.39243705512153
1210,32.4355004847245,3.39186604166667
1212,32.4296564351025,3.38521378038194
1214,32.4288722600636,3.38298206699346
1216,32.4315381448444,3.38510137924383
1218,32.4356996631279,3.38889251207729
1220,32.4390662107905,3.39107262731481
1222,32.4367164253615,3.38772755847953
1224,32.4335490220415,3.38338796296296
1226,32.4329048841673,3.38181612654321
1228,32.4359890637993,3.38456238888889
1230,32.4348271316343,3.38240069444444
1232,32.4310543384756,3.37726329656863
1234,32.4312717415639,3.37674893055556
1236,32.433339509155,3.3785181980057
1238,32.4345341546267,3.37874906798246
1240,32.4327549359817,3.37571248263889
1242,32.4334997219418,3.37561968599034
1244,32.4349502899522,3.37634259072581
1246,32.4360896926166,3.37680124591503
1248,32.4375473090809,3.37731096462674
1250,32.4384263581817,3.37731005116959
1252,32.4393658436707,3.37729584722222
1254,32.4399693479663,3.37706990214646
1256,32.4405102911486,3.37676225358423
1258,32.441625504737,3.37728689236111
1260,32.4422945536248,3.37663216145833
1262,32.442578107998,3.37607434210526
1264,32.4432364363916,3.3760459077381
1266,32.4448556575103,3.37725245833333
1268,32.4452003272708,3.37640020424837
1270,32.4464116021844,3.37666770833333
1272,32.4476665670551,3.37706384196697
1274,32.4492619322078,3.37785402908805
1276,32.4493938262805,3.37687966707516
1278,32.4510875360581,3.37763820954106
1280,32.4538315785992,3.37970366966231
1282,32.4584528869452,3.38310246415771
1284,32.4607503990718,3.38434079861111
1286,32.4632165926206,3.38588664641204
1288,32.4657692404084,3.38743993055556
1290,32.4663730678748,3.38750829475309
1292,32.4680719626309,3.38800052838164
1294,32.4682821512459,3.38741578282828
1296,32.4679270317669,3.38616885683761
1298,32.4696870270069,3.38719094376138
1300,32.4713205481085,3.38780838963964
1302,32.4729429229988,3.38845951178451
1304,32.4729415323341,3.38755780164931
1306,32.4739077254371,3.38767449324324
1308,32.4738838091152,3.38676617424242
1310,32.4750139085383,3.38705445449561
1312,32.4770672376291,3.38813263888889
1314,32.4795104972829,3.38948885233918
1316,32.4813122707972,3.39027804082492
1318,32.4833061845269,3.39141209490741
1320,32.4851131767106,3.39240970982143
1322,32.4884141058101,3.39497310160024
1324,32.4902505722475,3.39575831018519
1326,32.4916032623319,3.39616025060387
1328,32.4909451642353,3.3946501880787
1330,32.487059394479,3.39008377849003
1332,32.4897323293387,3.39223626585145
1334,32.4871099564831,3.38843198924731
1336,32.4869565671764,3.38724627525253
1338,32.4880412117382,3.38738268849206
1340,32.4889701449823,3.3875312232906
1342,32.4901087330854,3.38816841216216
1344,32.491929281256,3.38871627859477
1346,32.4933467455782,3.3892882127193
1348,32.4941871176184,3.38939413029101
1350,32.4966746783327,3.39115075372629
1352,32.4981573465924,3.39181698082011
1354,32.5049137465951,3.39712334656085
1356,32.510155209042,3.40156369949495
1358,32.5150344745044,3.40546331018519
1360,32.5187656568722,3.4085140758547
1362,32.5233649428796,3.41163911458333
1364,32.5316127281698,3.41877444444444
1366,32.5409107473614,3.42709987373737
1368,32.5446816223685,3.42989923611111
1370,32.5442012942121,3.42886380665205
1372,32.5524454123424,3.43541376811594
1374,32.560779651625,3.44291898148148
1376,32.565024009778,3.44613000801282
1378,32.5679473664158,3.448145
1380,32.5661400190869,3.44549686561562
1382,32.5720217606532,3.44974705882353
1384,32.5752813662831,3.45216074346405
1386,32.5759197587837,3.45187338643791
1388,32.5780099374048,3.45304719328704
1390,32.5796558993364,3.45424533991228
1392,32.5795263381025,3.45301593364198
1394,32.5797870638589,3.4520694212963
1396,32.5812719696429,3.45245013888889
1398,32.5836344813258,3.45403369252874
1400,32.5846376862715,3.45437236842105
1402,32.5921275736515,3.46006301169591
1404,32.5932687331336,3.46089302083333
1406,32.5822656685337,3.44885076121795
1408,32.58574862047,3.45178131510417
1410,32.5870306183887,3.45219842342342
1412,32.5887484654064,3.45272096230159
1414,32.5943554445015,3.45715973135965
1416,32.5982836942912,3.46041454810789
1418,32.6064488307854,3.4672455109127
1420,32.6120313926788,3.47163011831276
1422,32.6150496051347,3.47382784961686
1424,32.6158410431085,3.47379335237455
1426,32.6164482349961,3.47351198559671
1428,32.6194574596318,3.47553330176768
1430,32.6220696457819,3.47704545138889
1432,32.62762122078,3.48163174412393
1434,32.6289673028088,3.48239945913461
1436,32.6285045582091,3.48074567708333
1438,32.6381743622079,3.48906615497076
1440,32.6399492033494,3.48994259785354
1442,32.6373170847759,3.4865341540404
1444,32.6351554666858,3.48366287774725
1446,32.6253771312414,3.47246060474537
1448,32.6249808750358,3.47111458333333
1450,32.6277095489392,3.47262816840278
1452,32.6294030387258,3.47350683396465
1454,32.6309988225185,3.47427980124521
1456,32.6317098025546,3.47442207602339
1458,32.6351740173407,3.47640369689542
1460,32.6389991921832,3.4793920751634
1462,32.6403858380865,3.47976251929012
1464,32.6470182041436,3.48533047839506
1466,32.6485594233229,3.48648015491453
1468,32.6535843594799,3.48990888310185
1470,32.6661838915503,3.50126226851852
1472,32.6665778681615,3.50068392650463
1474,32.6660536844108,3.49930004789272
1476,32.6668757438955,3.49951350605413
1478,32.6691720602499,3.50038212962963
1480,32.6705887276866,3.50088244357639
1482,32.670425696058,3.49991573350694
1484,32.6639331900856,3.49274069444444
1486,32.6591376282352,3.48694983134921
1488,32.665787641926,3.49303618551587
1490,32.6576956836741,3.48421603732639
1492,32.6559000513227,3.48047506510417
1494,32.6602361776198,3.48418095760234
1496,32.6614987387269,3.48515817550505
1498,32.6648525558654,3.48750075954861
1500,32.6697534906922,3.49105690359477
1502,32.6808330908577,3.50098429608586
1504,32.6839809734054,3.50381979166667
1506,32.6791043656328,3.49835665798611
1508,32.6870128840664,3.50489758064516
1510,32.6908772401957,3.50759091666667
1512,32.6919408154671,3.50788990277778
1514,32.6814973298484,3.49674000420875
1516,32.6726894481754,3.48708710245572
1518,32.6746070698787,3.48825603780864
1520,32.66806410846,3.48067092978395
1522,32.6610272883251,3.47281597222222
1524,32.6568593776656,3.46778637941919
1526,32.6567170915063,3.46707696759259
1528,32.6639193175527,3.47391763117284
1530,32.6579934482073,3.46645264550265
1532,32.6585912370795,3.46600844444444
1534,32.6597843553142,3.46659606135987
1536,32.6611848739519,3.46713979938272
1538,32.663666295019,3.46876134063089
1540,32.6720327808497,3.47579817330918
1542,32.6724302813165,3.47522450396825
1544,32.6740864745684,3.47601344444444
1546,32.6763236687429,3.47749374421296
1548,32.6799280384953,3.47998759920635
1550,32.6827790067662,3.48182980685764
1552,32.6834053139499,3.48161493055556
1554,32.684230209903,3.48161384456265
1556,32.6840979710777,3.48057514660494
1558,32.6848840359821,3.48055882675439
1560,32.6855445376056,3.48029983084046
1562,32.6832020150584,3.47701344401042
1564,32.6906790819306,3.48321597222222
1566,32.7086212120304,3.49950732638889
1568,32.7076058847631,3.49789668843284
1570,32.7193874014469,3.50792967785494
1572,32.718751121239,3.50641155364924
1574,32.7157452746433,3.50279229166667
1576,32.706730371869,3.49236199156746
1578,32.7094996091246,3.49448765500992
1580,32.7103315617997,3.49455154320988
1582,32.7101132997472,3.4931319760101
1584,32.7115705668818,3.49385902777778
1586,32.7076813085071,3.48891308760684
1588,32.7124784392357,3.49298020234674
1590,32.7139172977111,3.49343878676471
1592,32.721699612043,3.49957272858796
1594,32.7250529378307,3.50191485745614
1596,32.7268722778325,3.50279616319444
1598,32.7256327816224,3.50094602029915
1600,32.7244423878295,3.49917829262452
1602,32.7227202757913,3.49646098856209
1604,32.7182390914201,3.49072355628655
1606,32.7185382481033,3.49023085748792
1608,32.7198183431759,3.49085034722222
1610,32.7219581909161,3.49255935185185
1612,32.7211594849498,3.49046072382479
1614,32.7240621193945,3.49216331018519
1616,32.7255516530419,3.49251766826923
1618,32.7269448503641,3.49295318813131
1620,32.7276274004054,3.49321838860544
1622,32.7288889521951,3.49310813888889
1624,32.7303455504628,3.49351904166667
1626,32.7317609322659,3.49398512088477
1628,32.7330977297709,3.49449886188272
1630,32.7342022145023,3.49506853425027
1632,32.7367822183688,3.49618832908163
1634,32.7381746689736,3.49646368272569
1636,32.7394588242694,3.4967332093254
1638,32.7407509791083,3.49717531658497
1640,32.7421724407122,3.49762149656679
1642,32.7441475769674,3.4986277658046
1644,32.7456747239462,3.49902120870871
1646,32.7487575738001,3.50081396901709
1648,32.7549400242449,3.50543122222222
1650,32.7596095904793,3.50908926215278
1652,32.7568465855993,3.50617473246812
1654,32.7619019568682,3.50960320767196
1656,32.764356169966,3.51108633040936
1658,32.766147132166,3.51185180224868
1660,32.7683952311349,3.51321979166667
1662,32.7685396601814,3.51273000478927
1664,32.7719832412943,3.5148337890625
1666,32.7733609025905,3.51527111855159
1668,32.774898234404,3.51581964605735
1670,32.7758635686742,3.51619391782407
1672,32.7778827106189,3.51684642489712
1674,32.779113929648,3.51718396791188
1676,32.7802189393798,3.51737576237923
1678,32.7813141380508,3.51773760458501
1680,32.7825374662737,3.51793272771318
1682,32.7839198104004,3.51826541218638
1684,32.7850687193259,3.51858063936782
1686,32.7869718183897,3.51943091346154
1688,32.788533440131,3.52009608864379
1690,32.791569015929,3.52194134516461
1692,32.7928874345902,3.52243248015873
1694,32.7936020680886,3.52218442671395
1696,32.7948955788717,3.52260433808017
1698,32.7972014155337,3.52369098090278
1700,32.7995680312009,3.52472633463542
1702,32.8009714615201,3.52516865234375
1704,32.8024206604477,3.52564559108527
1706,32.8031032649878,3.52570009920635
1708,32.8043952822615,3.52586791914683
1710,32.805555545601,3.52595677777778
1712,32.806765139307,3.52614270833333
1714,32.8078732137984,3.5266134765625
1716,32.8098049805667,3.52706493055556
1718,32.8110208453167,3.52735572273663
1720,32.8126997008792,3.5276483281893
1722,32.8144088733484,3.52829463601533
1724,32.8156913513051,3.52868118923611
1726,32.8171043328583,3.52884871323529
1728,32.8180442667851,3.52880484068627
1730,32.8189576540161,3.52870153508772
1732,32.819276513553,3.52792684771825
1734,32.8204350880995,3.5289218677662
1736,32.8218332220295,3.52899943910256
1738,32.8228951061342,3.52872151331019
1740,32.8242173362831,3.5288199280754
1742,32.8250893146441,3.5286843064693
1744,32.8255506486748,3.5282171875
1746,32.8262032901086,3.52751514314059
1748,32.8270892433207,3.52735116366366
1750,32.8275560064846,3.52675250365497
1752,32.8282598779572,3.52625329437669
1754,32.8294219195307,3.52646725501543
1756,32.8306609903985,3.5269163125
1758,32.8315571457775,3.52724034552846
1760,32.8329856846211,3.52729155092593
1762,32.8340778250791,3.52741237847222
1764,32.8349603631349,3.52742780797101
1766,32.8355112645023,3.52723057002315
1768,32.836730861718,3.52786696908602
1770,32.8351242141972,3.5245797676282
1772,32.8345696328211,3.52284995471015
1774,32.8353585652513,3.52273352272727
1776,32.8360769553394,3.5227388671875
1778,32.8372512307048,3.52360827546296
1780,32.8373502579013,3.52238333333333
1782,32.8365148474689,3.52032162698413
1784,32.836384497553,3.51914879166667
1786,32.836954790179,3.51908422431866
1788,32.8369027003103,3.51790521990741
1790,32.8350118142901,3.51441939915459
1792,32.8346465931485,3.51294386574074
1794,32.8341579049928,3.51141048611111
1796,32.8347077458559,3.51137786458333
1798,32.8355450701438,3.51118753156566
1800,32.8354636842145,3.51003647222222
1802,32.8364333674003,3.51029710343567
1804,32.8372406954339,3.51058494543651
1806,32.8383235911359,3.51071430555556
1808,32.8392498365433,3.51084788194444
1810,32.8394524169483,3.51008743248457
1812,32.839481256141,3.50910298423423
1814,32.8372808874301,3.50590773420479
1816,32.8363693300949,3.50400138888889
1818,32.837136176283,3.50396109283626
1820,32.8379095762028,3.50413627387153
1822,32.838156180481,3.50307291666667
1824,32.8384409698677,3.50246894444444
1826,32.8376816181848,3.50065386424731
1828,32.837294114193,3.49952955334596
1830,32.8370660812963,3.49822334806397
1832,32.8377756085475,3.49802333829365
1834,32.8387031560698,3.49821310763889
1836,32.8401293622924,3.49889878472222
1838,32.8411657314498,3.4994522718254
1840,32.8416230910286,3.49889343055556
1842,32.8418270449078,3.49806911892361
1844,32.8425617018355,3.49793211050725
1846,32.8425185461875,3.49696677350427
1848,32.8431173800255,3.49679699378655
1850,32.8438420501088,3.49647432383041
1852,32.8437486358915,3.49515686177249
1854,32.8448206051959,3.4952849905303
1856,32.8457658587732,3.49540323660714
1858,32.8468076339951,3.49590565814394
1860,32.8476247313366,3.49555293209877
1862,32.8460868736344,3.49275394199346
1864,32.8452552116518,3.49095703581871
1866,32.8446482894734,3.48948153683575
1868,32.8461503422268,3.49055869708995
1870,32.8470368282214,3.49028197916667
1872,32.84439691122,3.48566197916667
1874,32.8434480823494,3.48375913194444
1876,32.843318381928,3.48270633680555
1878,32.8451093386783,3.48378105374396
1880,32.8474954126333,3.48563704710145
1882,32.8456067421319,3.48190220959596
1884,32.8455851723009,3.48096660353535
1886,32.8440871717381,3.47845552662037
1888,32.8436991306481,3.47720982565012
1890,32.8470559591742,3.48037605994152
1892,32.843088875143,3.47468376736111
1894,32.8432825093012,3.47398090277778
1896,32.8435853001932,3.47332684294872
1898,32.8437833491716,3.47259611678005
1900,32.8464690524971,3.47514270833333
1902,32.8452158203564,3.47238035929952
1904,32.8455802494936,3.47176691261574
1906,32.8462457510293,3.47164009818008
1908,32.84659314785,3.47136193883277
1910,32.8468928439799,3.47076680555556
1912,32.8460640559603,3.46869293091168
1914,32.8456147751144,3.46699125816993
1916,32.8459299785311,3.46629210967433
1918,32.8466950372563,3.46617963643791
1920,32.8476105579896,3.46653938589325
1922,32.8471669444826,3.464843
1924,32.8449950685748,3.46125115740741
1926,32.844701131875,3.45985726495726
1928,32.8454691745073,3.4599242115162
1930,32.8473520343222,3.46128997222222
1932,32.8465953063855,3.45928438946759
1934,32.8474703836238,3.45938152777778
1936,32.8479346536068,3.45883095297858
1938,32.8491476157019,3.45957378472222
1940,32.8488711745889,3.45786665426587
1942,32.8488530979264,3.45692527006173
1944,32.8485553869241,3.4555492578125
1946,32.8496799810317,3.45615651234568
1948,32.8480190505935,3.45297880859375
1950,32.8469868814556,3.45063963089802
1952,32.8460897153728,3.44867561026936
1954,32.8464117545101,3.44789044444444
1956,32.8470300893499,3.44759419802867
1958,32.8481699378084,3.44833780671296
1960,32.8476933852891,3.44648571428571
1962,32.8465425223006,3.44410711805556
1964,32.8465532280911,3.44316683006536
1966,32.8472047515974,3.44303816068673
1968,32.8488039949197,3.44439556522504
1970,32.8468074190753,3.4406202457265
1972,32.8471052791019,3.43990053530093
1974,32.8477691464194,3.4397240703405
1976,32.8479381402802,3.43897789011438
1978,32.8486155842799,3.43915047743056
1980,32.8488792862774,3.43828266369048
1982,32.8493279757172,3.43795740740741
1984,32.8483614212566,3.43567326388889
1986,32.8484742335416,3.43474759516461
1988,32.8489643638656,3.43454861111111
1990,32.8501345249158,3.43488553240741
1992,32.8486703907343,3.43181901041667
1994,32.8483731365481,3.43051720328283
1996,32.8468991370531,3.42763468501984
1998,32.848008388475,3.42820857162309
2000,32.8499512349405,3.42931111111111
2002,32.8481565851974,3.42565494791667
2004,32.8477599483484,3.42409224537037
2006,32.8479339652207,3.42349504212204
2008,32.8480173194845,3.42265152777778
2010,32.848795885207,3.42275816969987
2012,32.8492322587999,3.42205806051587
2014,32.849787515167,3.42173854166667
2016,32.8497073638444,3.42055046741453
2018,32.8499769667488,3.41988524728997
2020,32.8510487191594,3.41997073412698
2022,32.8516838812362,3.42002454268293
2024,32.8526279260961,3.41975032679739
2026,32.8525026648437,3.41850943287037
2028,32.8527123767314,3.41795306461353
2030,32.8534746006777,3.41808096064815
2032,32.8550715881016,3.41897595108696
2034,32.854357247477,3.41691826388889
2036,32.8538069018964,3.41538545138889
2038,32.8528176822126,3.41329689542484
2040,32.8531451142897,3.41300866090147
2042,32.8530528446661,3.41151533564815
2044,32.8534911843201,3.41118369444444
2046,32.852811364702,3.40950399865591
2048,32.8502905529657,3.4056779589372
2050,32.848942635153,3.40294140625
2052,32.8481028375684,3.40090563888889
2054,32.8487015021506,3.40074771050347
2056,32.8490677666569,3.40041591925612
2058,32.8497096519467,3.40041110172673
2060,32.8504405425886,3.40006153673835
2062,32.8506623446404,3.39934887663399
2064,32.8502046349517,3.3979809624566
2066,32.8499572551122,3.39667933558559
2068,32.8507685229583,3.39668939564565
2070,32.8508186682181,3.39609076554233
2072,32.851576681388,3.39568881048387
2074,32.8527287743477,3.39606787037037
2076,32.8538116111466,3.39659201388889
2078,32.8542837742894,3.39649249387255
2080,32.8549024956568,3.3958016159188
2082,32.8558696745419,3.39592731894841
2084,32.8562822109883,3.39560438712522
2086,32.8574799600538,3.39613896037582
2088,32.8580356874598,3.3956855
2090,32.8580936043106,3.39479236111111
2092,32.8586344126516,3.39444537482194
2094,32.8581032670569,3.39319082532051
2096,32.8566818565765,3.39021496310764
2098,32.8571434258321,3.38986917797158
2100,32.8568294376046,3.38867156320862
2102,32.8555189451046,3.38604966216216
2104,32.8563626788299,3.3863523989899
2106,32.8569739019317,3.38579755291005
2108,32.8569441540551,3.38490414930556
2110,32.8568529476958,3.38390670405983
2112,32.8582325615226,3.38486185344828
2114,32.8577849460673,3.38339177867384
2116,32.8569182102902,3.38144201388889
2118,32.8562884919671,3.3798400318287
2120,32.8543618167419,3.37697147295322
2122,32.8558933372583,3.37806610725309
2124,32.8527611984657,3.37337146990741
2126,32.8525046069118,3.37212274305556
2128,32.849558554384,3.36781788194444
2130,32.8478635812409,3.36490974658869
2132,32.8498722366978,3.36667434606482
2134,32.8492762875283,3.3646067550505
2136,32.8499751524348,3.36449634502924
2138,32.8502944192021,3.36378442460317
2140,32.8502591892771,3.36272218967014
2142,32.8522446835536,3.36449774305556
2144,32.8521401449281,3.36259837962963
2146,32.8529961011648,3.36239453914141
2148,32.8539134689436,3.36233599537037
2150,32.8545317325729,3.362186901341
2152,32.8556334508096,3.36294339313272
2154,32.8560716714326,3.36212113320707
2156,32.8550262740968,3.35990280671296
2158,32.8537321479908,3.357146875
2160,32.8533149775873,3.3558225308642
2162,32.8549634517602,3.35725269097222
2164,32.8530202169347,3.35374604828042
2166,32.8512502975653,3.3507461352657
2168,32.8518811579419,3.35016105324074
2170,32.8537379887359,3.35180025118203
2172,32.8535482443156,3.35040244533097
2174,32.8527825669152,3.34853983410494
2176,32.8536385955127,3.34839756944444
2178,32.8544164449162,3.34825899185824
2180,32.854846966071,3.34800036651235
2182,32.8555509016005,3.3478958377849
2184,32.8560301376728,3.34768348348348
2186,32.8546739576776,3.34503220108696
2188,32.8550601939981,3.34442814009662
2190,32.8556668673658,3.34413636831276
2192,32.8558178667772,3.34358561168189
2194,32.8569367261854,3.34414796626984
2196,32.8562078564405,3.34231958498677
2198,32.8552904173638,3.34030287422839
2200,32.8541617862469,3.3380728046595
2202,32.8543588559504,3.33751139437135
2204,32.8554143663749,3.3379855437748
2206,32.854183324199,3.33550959490741
2208,32.8544130935244,3.33454918478261
2210,32.8550879342884,3.33406526199495
2212,32.855325164041,3.33346676587302
2214,32.8566764630084,3.33438743351064
2216,32.8573920719856,3.3338347120098
2218,32.8597953445526,3.3350748802682
2220,32.8620368527797,3.33614813368056
2222,32.8602351501864,3.33308822463768
2224,32.859016136215,3.33058410714286
2226,32.8614147440606,3.33277767094017
2228,32.8608218570201,3.33081213235294
2230,32.8599702171003,3.32877944078947
2232,32.8584367427516,3.32621907051282
2234,32.857859290159,3.3250096753003
2236,32.8588877755858,3.32535873842593
2238,32.8539814270195,3.31818146494709
2240,32.8543055416736,3.31774291187739
2242,32.8541903457802,3.31712428104575
2244,32.8556853681519,3.31866073535008
2246,32.848077221158,3.30900194444444
2248,32.847653958538,3.30778549679487
2250,32.843785732877,3.30320473251029
2252,32.8388780387166,3.29754325587607
2254,32.8435481533606,3.30181273148148
2256,32.8359766289792,3.29248763354701
2258,32.8352395613214,3.29081334005376
2260,32.8361583261876,3.29074111276455
2262,32.8363548925773,3.29012033828383
2264,32.8353287723002,3.28810894554094
2266,32.8298440474706,3.28093397633745
2268,32.8291778854838,3.27937695833333
2270,32.8292840290178,3.278705625
2272,32.830167828069,3.27928474225427
2274,32.8244095167241,3.27227103909465
2276,32.8225750511379,3.26935372685185
2278,32.8201973525208,3.26610929082492
2280,32.816912926673,3.26162639802632
2282,32.8189618285079,3.26330728485839
2284,32.8186711382651,3.26183673941799
2286,32.8194665350968,3.26181691919192
2288,32.8202537727774,3.26184458590535
2290,32.8215542939494,3.26270779040404
2292,32.8213238539666,3.26151872605364
2294,32.8168904282591,3.25554555759804
2296,32.8140223389188,3.25136813368056
2298,32.8132163047028,3.24950969868173
2300,32.8129846417103,3.24846383928571
2302,32.8137819237888,3.24806697180135
2304,32.8130242527698,3.24630069444444
2306,32.8112910795331,3.24349837673611
2308,32.8115686927706,3.24336705522487
2310,32.8099646761066,3.24055549355159
2312,32.8103513993626,3.24004563492064
2314,32.8116856232667,3.24079284511784
2316,32.8131767887862,3.24143980034722
2318,32.8140284844291,3.24123102777778
2320,32.8138459711236,3.24011493055556
2322,32.8134960058714,3.23904013888889
2324,32.8145607243774,3.239657421875
2326,32.8140110306614,3.2377991255144
2328,32.811790818554,3.23463331944444
2330,32.8089830829522,3.23091427777778
2332,32.8075333904498,3.22853206765233
2334,32.8075083632521,3.22787397280093
2336,32.8063116998057,3.22570985449736
2338,32.803133127729,3.2209416005291
2340,32.802860766526,3.21959151785714
2342,32.8046721263219,3.22037136171498
2344,32.8070892268358,3.22215323183761
2346,32.8083691308992,3.22263656045752
2348,32.8102420635457,3.22326123263889
2350,32.8113159569029,3.22363341666667
2352,32.8120287413966,3.22366311306424
2354,32.8128375645089,3.22382359126984
2356,32.8125468528071,3.22232718495935
2358,32.8087858286546,3.21747641559829
2360,32.8022311406834,3.20988376388889
2362,32.8010938740653,3.20785277777778
2364,32.7967171773055,3.20272322048611
2366,32.8010303816512,3.2068947738604
2368,32.7932376964229,3.19750003019324
2370,32.7911472126679,3.19434255050505
2372,32.7909907121145,3.19331193910256
2374,32.7907885509089,3.19231364583333
2376,32.7932078264752,3.19451242732558
2378,32.7918946473193,3.19188463084795
2380,32.7916631205707,3.19061720679012
2382,32.791705513984,3.18987931547619
2384,32.7909528705096,3.18823940972222
2386,32.7930375483908,3.1900660125969
2388,32.7926395168001,3.18858180555556
2390,32.7900599261862,3.18479640625
2392,32.7879060972536,3.18160143417874
2394,32.7875116677631,3.18041041666667
2396,32.7909465456183,3.18380828804348
2398,32.7792281661601,3.16929304045894
2400,32.7759324103632,3.16452302350427
2402,32.7766565440643,3.16449803041188
2404,32.7773011453442,3.16446553819444
2406,32.776263870792,3.16198953373016
2408,32.7762492871969,3.16121253019324
2410,32.7764292839297,3.16076322337963
2412,32.776264306949,3.15942578405018
2414,32.7750002908698,3.1571245777027
2416,32.7752455500046,3.15669393884016
2418,32.7746574675968,3.15486413888889
2420,32.7750975631151,3.15446936111111
2422,32.7758285437314,3.1544666046627
2424,32.7752059448137,3.15281609623016
2426,32.7752415847568,3.15237810763889
2428,32.7754513249466,3.15116233465608
2430,32.7771733970197,3.15168078125
2432,32.777111639212,3.15056743055556
2434,32.7769425596169,3.14946014309764
2436,32.7783035743677,3.15066949705387
2438,32.7752072471357,3.14576109775641
2440,32.7744837137695,3.14409067606209
2442,32.7750653415994,3.14403523422787
2444,32.7753080721868,3.14341677517361
2446,32.7751486467319,3.1423208881579
2448,32.7748340832146,3.14109305104618
2450,32.7749508069994,3.14053031842818
2452,32.7731845593211,3.13758913690476
2454,32.7727955791325,3.13616762152778
2456,32.7731330361514,3.13564828800154
2458,32.7732633589787,3.13488673941799
2460,32.7710404211056,3.13140786458333
2462,32.7691776524178,3.12824947318008
2464,32.7692460348247,3.12743051835317
2466,32.7699582208297,3.12738617662474
2468,32.771133835259,3.12775036168981
2470,32.7712934004574,3.12660522411616
2472,32.7711932531763,3.12564663938492
2474,32.7710651205313,3.1248101532567
2476,32.76999101188,3.12266244893791
2478,32.7684021055993,3.11998912698413
2480,32.7680258232523,3.11870842013889
2482,32.7664915311573,3.11613010525174
2484,32.7649037217633,3.11347230297158
2486,32.7650386637892,3.11273876633987
2488,32.7654325296163,3.1123109006734
2490,32.7656610108528,3.11171865479391
2492,32.7667901101224,3.11251941451149
2494,32.7649405390189,3.10902562210648
2496,32.7659138551321,3.10920656944444
2498,32.7660887972878,3.10862844065657
2500,32.7671380951033,3.10921585365854
2502,32.7646416610543,3.10511772119342
2504,32.7650299108943,3.10455609953704
2506,32.7651070597133,3.10383048076923
2508,32.7664258947035,3.10479828096539
2510,32.7656728489948,3.10266519396552
2512,32.7659693646141,3.10213994175627
2514,32.7641328468609,3.09919066751701
2516,32.7630609544349,3.09728145218003
2518,32.7630489868592,3.09643361111111
2520,32.7629481625552,3.09545176282051
2522,32.7626328997309,3.09416336805556
2524,32.763359049313,3.09409029882155
2526,32.7638199942853,3.09377621527778
2528,32.7645325819649,3.09392843364198
2530,32.7631694167673,3.09130173611111
2532,32.7620169468005,3.08905968915344
2534,32.7614610104867,3.08764584573413
2536,32.7628992355505,3.08876677971576
2538,32.762425893414,3.08722127113527
2540,32.7618951195665,3.08564694940476
2542,32.7613667011781,3.08428026175214
2544,32.7613732831328,3.08356794117647
2546,32.7608620184848,3.08215677083333
2548,32.7584364578041,3.07853458543771
2550,32.7563353043996,3.07536098958333
2552,32.7541996140101,3.07221075779727
2554,32.7543279177059,3.07156891637731
2556,32.7547679276749,3.07111903935185
2558,32.7545882064389,3.07011165054563
2560,32.7550248300961,3.07003355800654
2562,32.7553026183392,3.06926295010288
2564,32.7557812198541,3.06885978422619
2566,32.7566376537293,3.06904642857143
2568,32.7560194237976,3.0676075828853
2570,32.7528689190341,3.06311333085317
2572,32.7516322854961,3.0609289039039
2574,32.7514679427691,3.06011283744131
2576,32.751969670623,3.05978321133634
2578,32.7515919832364,3.05851819261696
2580,32.7492781178311,3.05519550754458
2582,32.7464523525928,3.05120872189153
2584,32.745662694724,3.0493152649177
2586,32.7453863310462,3.04807425766284
2588,32.7468231858782,3.04907404698582
2590,32.7465848356704,3.04795014076577
2592,32.7456086089614,3.0459773969534
2594,32.7441823857032,3.04337126157407
2596,32.7413299497724,3.0392859375
2598,32.7407318556477,3.03818326539855
2600,32.7365229316132,3.03239540674603
2602,32.7357895469725,3.03075933554293
2604,32.7342796253156,3.02825404761905
2606,32.733208467333,3.02624511574074
2608,32.7331599306775,3.02558049768519
2610,32.7328655370349,3.02427826867816
2612,32.7315389361867,3.02185153034979
2614,32.7317696861176,3.02115549045139
2616,32.7318394448649,3.02042420951537
2618,32.7300081703177,3.01751721335697
2620,32.7305009059472,3.01760876068376
2622,32.7280972935346,3.01366893115942
2624,32.7279312654031,3.01258093297101
2626,32.7279757853214,3.01182576164875
2628,32.7286845660899,3.012148125
2630,32.7281411146218,3.01043508821321
2632,32.7276835906941,3.00893417792793
2634,32.727354526687,3.00775691964286
2636,32.7263767571162,3.00580750448029
2638,32.7260713670939,3.0045962202381
2640,32.7267507254718,3.00475465730676
2642,32.7270356502714,3.00378399470899
2644,32.7268368552582,3.00278551587302
2646,32.7259607959948,3.00092969393004
2648,32.7264707327589,3.0008556372549
2650,32.7262081988225,2.99962609722222
2652,32.7246706781148,2.9967594947318
2654,32.7227624062746,2.99386717592593
2656,32.7207563964375,2.99078077876984
2658,32.7197324688388,2.988749921875
2660,32.7197730183689,2.98830902168616
2662,32.7204173928916,2.98787136111111
2664,32.7215218409343,2.98828104967949
2666,32.7224707838472,2.98855708912037
2668,32.7227992569815,2.98825789016813
2670,32.722862141255,2.98726215277778
2672,32.7226480641026,2.98628282004831
2674,32.7235169347241,2.98638319444444
2676,32.7228663184595,2.98476923225309
2678,32.722576653889,2.98356195023148
2680,32.7220188261167,2.98216021543561
2682,32.7214671632356,2.98088388516865
2684,32.7208672573063,2.97911534722222
2686,32.7201033146456,2.9774951244213
2688,32.7183988785612,2.97475225134409
2690,32.7193019100579,2.97525366263441
2692,32.7160399395433,2.97039695340502
2694,32.71533843254,2.96874947916667
2696,32.7160459878422,2.96871716632791
2698,32.716429279773,2.96831726851852
2700,32.7167881769095,2.96799674347643
2702,32.7172687808404,2.96771119791667
2704,32.7171638092983,2.9666675
2706,32.7175411815596,2.96630241878531
2708,32.7165729364318,2.96446540915916
2710,32.7149136749234,2.96166167929293
2712,32.7153284816443,2.96148258463542
2714,32.7156629848654,2.96091836069024
2716,32.7161244043914,2.96048179166667
2718,32.714962087941,2.958434625
2720,32.7129373599882,2.9553301626462
2722,32.714721323649,2.95679406565657
2724,32.7116375375372,2.95204751388889
2726,32.7105158832196,2.94990276199495
2728,32.7088644726343,2.94741805555556
2730,32.7047345320969,2.94197140151515
2732,32.7111890032443,2.94851957947531
2734,32.7047893228495,2.94029452614379
2736,32.7019873844903,2.93632581018518
2738,32.6970058685476,2.93008013468013
2740,32.7037419232133,2.93722673611111
2742,32.6966847848617,2.92822477678571
2744,32.695670463527,2.92629344907407
2746,32.6951900717171,2.92503633294753
2748,32.6941024106228,2.92310603945035
2750,32.693739183675,2.92193651909722
2752,32.6937094498514,2.92104546506734
2754,32.693217017202,2.91972264066952
2756,32.6932483027604,2.91893058096206
2758,32.6925271561349,2.91726834608844
2760,32.6925202862445,2.9165494212963
2762,32.692555420289,2.91575686507937
2764,32.6928355384268,2.91529500161499
2766,32.6927369750569,2.91429686302682
2768,32.6926223661547,2.91323109681373
2770,32.6926542617044,2.9125871399177
2772,32.6921418638033,2.91109708516082
2774,32.6924945378252,2.91056970486111
2776,32.6929491272189,2.91026304861111
2778,32.693769412344,2.91017347383721
2780,32.6946389199645,2.91020170940171
2782,32.6953552871101,2.91020491898148
2784,32.6947608290494,2.90903627136752
2786,32.6944454362185,2.90762389403292
2788,32.6944239217255,2.90672511111111
2790,32.6936827028699,2.90516574754902
2792,32.6940948191819,2.90506236928105
2794,32.6930403569702,2.9028485628858
2796,32.6924360371872,2.90109809027778
2798,32.6928344761996,2.90073419312169
2800,32.691064107687,2.89787244949495
2802,32.688837580724,2.89468685344828
2804,32.6896430806352,2.89480299580103
2806,32.6899835566212,2.89434756054131
2808,32.6895006837008,2.89282532354798
2810,32.6890769236525,2.89140240839244
2812,32.690469487166,2.89197936439043
2814,32.692020685054,2.89281360626615
2816,32.6945489921666,2.89411312260536
2818,32.6947374162621,2.89286945684524
2820,32.6940944800828,2.89099420405983
2822,32.6951390467091,2.89179227632429
2824,32.6952647142196,2.89071914567183
2826,32.6949776314721,2.88930190972222
2828,32.6957552139759,2.88925085009579
2830,32.6950094276933,2.88733760683761
2832,32.693538276632,2.88517148263889
2834,32.6896177724104,2.88001695601852
2836,32.6899548909262,2.87950864049145
2838,32.6873568628851,2.87595378787879
2840,32.6868526520221,2.87455733333333
2842,32.6845089206036,2.87128186369509
2844,32.6880263966213,2.87430711805556
2846,32.6824665168643,2.86702399918301
2848,32.6811957225902,2.86482450657895
2850,32.6791807349693,2.86206073611111
2852,32.6810079889837,2.86334265350877
2854,32.681343659667,2.86279894097222
2856,32.6769018222581,2.85666218297101
2858,32.6758688983659,2.8549061832265
2860,32.6739122539233,2.85223463293651
2862,32.6743247960308,2.852326859319
2864,32.6629219340734,2.83952981150794
2866,32.657168873385,2.83249347993827
2868,32.6563916376679,2.83093141835017
2870,32.6562195339682,2.82989041788499
2872,32.6561104749761,2.82889318813131
2874,32.6502532433308,2.82219731259513
2876,32.6484127512277,2.81958333333333
2878,32.648415383479,2.8189001984127
2880,32.6456283816486,2.81512012803819
2882,32.6447514572101,2.81351796398046
2884,32.6457270561599,2.81405705191799
2886,32.6433950424077,2.81047577160494
2888,32.6413589089578,2.80779126344086
2890,32.6409994542706,2.80683793014096
2892,32.6391866648606,2.80393649839744
2894,32.6392111523359,2.80309686111111
2896,32.6399334102723,2.80293828125
2898,32.6406985780193,2.80330386078042
2900,32.6390167627035,2.79977860243056
2902,32.6393438769943,2.7989878968254
2904,32.6389249012208,2.79777667042042
2906,32.6340177975671,2.79191327668129
2908,32.6304060537311,2.78753342592593
2910,32.6305663970864,2.78682995071685
2912,32.6277599884746,2.78250024038462
2914,32.6264879244721,2.780198
2916,32.6228195454583,2.77558061985597
2918,32.6178638490171,2.76964562227669
2920,32.6249961121169,2.77688194444444
2922,32.6132933880258,2.76352112573099
2924,32.6115505800275,2.76017688230994
2926,32.6102537303018,2.75779892939815
2928,32.6093768493848,2.75606273148148
2930,32.615692167174,2.76257505208333
2932,32.6085104921235,2.75352689236111
2934,32.6061892007179,2.749931640625
2936,32.6014984052554,2.74428110754986
2938,32.5989705019976,2.74126825347222
2940,32.5923650988186,2.7329512303744
2942,32.5899875978547,2.72949181712963
2944,32.5882283317604,2.72678069701646
2946,32.5879604285419,2.72558923611111
2948,32.5883790650383,2.72530518422068
2950,32.5886321917783,2.72484972222222
2952,32.5850671573058,2.71987069187243
2954,32.5851654713746,2.719034375
2956,32.5854174368479,2.71857047558923
2958,32.5852651798475,2.71762725694444
2960,32.5846529917361,2.71640002340824
2962,32.5830922020315,2.71376977339181
2964,32.5778297556197,2.7072763640873
2966,32.5758686876896,2.70421344246032
2968,32.5761482083063,2.70384673996914
2970,32.5762319054261,2.70339835967433
2972,32.5713938304703,2.69735605842912
2974,32.5665898866405,2.6912584692029
2976,32.5646632540254,2.68844403409091
2978,32.563069729065,2.68588183333333
2980,32.5612530193641,2.6834017899061
2982,32.5584913379122,2.68003002645503
2984,32.5376184894239,2.6557680316092
2986,32.5347618741819,2.65207604166667
2988,32.5312840959475,2.64762594444444
2990,32.5288566894783,2.6442297409188
2992,32.5336612865835,2.64918958333333
2994,32.5170467125323,2.62990460737179
2996,32.5023724504849,2.6134341869213
2998,32.4928208167302,2.60203744444444
3000,32.487260842251,2.59528730635684
3002,32.4998246977657,2.60912161159004
3004,32.4809816309136,2.58696502525253
3006,32.4775529274587,2.5826151460728
3008,32.4803898278662,2.58556094246032
3010,32.4554517950405,2.5565607473545
3012,32.4573199529723,2.55862281615497
3014,32.4423582648225,2.54110013979076
3016,32.437364334913,2.53522492108586
3018,32.4337138778637,2.53076626736111
3020,32.4230176803809,2.51808805147059
3022,32.4202171210621,2.51447963489057
3024,32.3968941735116,2.48774288983586
3026,32.3828880756785,2.47170253623188
3028,32.3739310723639,2.46150056423611
3030,32.3627687600615,2.44826543469551
3032,32.35754017591,2.44178452596618
3034,32.3544880406113,2.43803002489518
3036,32.3313695765843,2.41162451223545
3038,32.3232274385329,2.40274477702477
3040,32.291517445057,2.36695076237923
3042,32.2828345125533,2.35690446969697
3044,32.2707406569107,2.34335906400966
3046,32.2665095388301,2.33757068865741
3048,32.2622643588968,2.33214113644895
3050,32.2571292485572,2.32607904320988
3052,32.2464951324756,2.31325811237374
3054,32.2442594439059,2.31044299355159
3056,32.2405200163999,2.30599759048822
3058,32.2329674321091,2.2959455026455
3060,32.2256011633537,2.28700289750958
3062,32.2267824741629,2.28776125841751
3064,32.2241880227839,2.28448896780303
3066,32.2178560806327,2.27656725694444
3068,32.2238589087309,2.28224417032164
3070,32.2083819308911,2.26466065972222
3072,32.2104689067714,2.26576041666667
3074,32.1975764560393,2.25161846788194
3076,32.1841552535717,2.23513573302469
3078,32.1705560514102,2.22056931944444
3080,32.1343191756261,2.17819634308511
3082,32.1339455292799,2.17783498263889
3084,32.0925150354586,2.12952013888889
3086,32.092490831073,2.12967223307292
3088,32.0701543184066,2.10315744949495
3090,32.0670581793071,2.09997755456349
3092,32.043755039873,2.07269467592593
3094,32.0339579658914,2.06118973691239
3096,32.0266654248332,2.05259612103175
3098,32.0094205246125,2.03237208614865
3100,31.9646842562501,1.98291909722222
3102,31.8785957057713,1.88205736350575
3104,31.8701059160759,1.87216214506173
3106,31.8793877108523,1.88313684722222
3108,31.8651479159456,1.86574590840841
3110,31.8762203724111,1.87858221450617
3112,31.8706258611453,1.87158459722222
3114,31.868849205573,1.86864605943152
3116,31.8714629632096,1.87116758814103
3118,31.8669918729914,1.86516787311676
3120,31.8662438324358,1.86375740740741
3122,31.8638207621867,1.86013874684343
3124,31.8642705804611,1.86005824932796
3126,31.8650380268897,1.86002047164352
3128,31.865966582966,1.8606894937276
